{
  "setting": {},
  "condition": {
    "miniprogram": {
      "list": [
        {
          "name": "关于我们",
          "pathName": "pages/aboutour/aboutour",
          "query": "",
          "scene": null
        },
        {
          "name": "我的",
          "pathName": "pages/me/me",
          "query": "",
          "scene": null
        },
        {
          "name": "选择身份",
          "pathName": "pages/selectIdentity/selectIdentity",
          "query": "",
          "scene": null
        },
        {
          "name": "登录",
          "pathName": "pages/login/login",
          "query": "",
          "scene": null
        },
        {
          "name": "书架",
          "pathName": "pages/booklist/booklist",
          "query": "",
          "scene": null
        },
        {
          "name": "我的收藏",
          "pathName": "pages/collect/collect",
          "query": "",
          "scene": null
        },
        {
          "name": "入党材料",
          "pathName": "pages/discovery/discovery",
          "query": "",
          "scene": null
        },
        {
          "name": "活动",
          "pathName": "pages/active/school/school",
          "query": "",
          "scene": null
        },
        {
          "name": "通知",
          "pathName": "pages/active/inform/inform",
          "query": "",
          "scene": null
        },
        {
          "name": "书籍",
          "pathName": "pages/study/book/book",
          "query": "",
          "scene": null
        }
      ]
    }
  },
  "description": "项目私有配置文件。此文件中的内容将覆盖 project.config.json 中的相同字段。项目的改动优先同步到此文件中。详见文档：https://developers.weixin.qq.com/miniprogram/dev/devtools/projectconfig.html"
}